ID,resname,resid,x_1,y_1,z_1
7KUB_0_1,C,1,6.889999866485596,-2.0969998836517334,-0.3880000114440918
7KUB_0_2,U,2,12.41100025177002,-1.156000018119812,-3.134999990463257
7KUB_0_3,G,3,17.253000259399414,2.5360000133514404,-4.327000141143799
7KUB_0_4,C,4,20.354999542236328,7.804999828338623,-3.2920000553131104
7KUB_0_5,U,5,21.31399917602539,12.829000473022461,0.16699999570846558
7KUB_0_6,C,6,20.533000946044922,16.115999221801758,5.3429999351501465
7KUB_0_7,U,7,18.937999725341797,16.856000900268555,11.300000190734863
7KUB_0_8,A,8,17.500999450683594,14.982000350952148,17.041000366210938
7KUB_0_9,C,9,16.81599998474121,10.626999855041504,21.375
7KUB_0_10,C,10,17.518999099731445,4.794000148773193,23.361000061035156
7KUB_0_11,U,11,20.29199981689453,-0.7770000100135803,23.177000045776367
7KUB_0_12,U,12,24.891000747680664,-4.492000102996826,21.292999267578125
7KUB_0_13,C,13,30.43899917602539,-5.48799991607666,18.67300033569336
7KUB_0_14,A,14,36.165000915527344,-3.9070000648498535,16.766000747680664
7KUB_0_15,C,15,40.948001861572266,0.00800000037997961,16.507999420166016
7KUB_0_16,C,16,43.53799819946289,5.427000045776367,18.070999145507812
7KUB_0_17,A,17,43.97800064086914,10.585000038146973,21.488000869750977
7KUB_0_18,U,18,42.64099884033203,14.138999938964844,26.37299919128418
7KUB_0_19,G,19,40.244998931884766,15.053999900817871,32.0
7KUB_0_20,C,20,37.92499923706055,12.88599967956543,37.310001373291016
7KUB_0_21,C,21,37.13800048828125,8.65999984741211,41.867000579833984
7KUB_0_22,A,22,39.16899871826172,3.7060000896453857,45.05400085449219
7KUB_0_23,A,23,43.617000579833984,-0.5600000023841858,45.849998474121094
7KUB_0_24,G,24,49.255001068115234,-2.8269999027252197,44.619998931884766
7KUB_0_25,U,25,54.944000244140625,-2.2750000953674316,42.20100021362305
7KUB_0_26,G,26,59.80500030517578,0.9580000042915344,39.98500061035156
7KUB_0_27,G,27,63.012001037597656,6.275000095367432,39.492000579833984
7KUB_0_28,U,28,64.06199645996094,12.109000205993652,41.525001525878906
7KUB_0_29,C,29,63.667999267578125,16.357999801635742,46.11899948120117
7KUB_0_30,C,30,61.082000732421875,17.52899932861328,51.637001037597656
7KUB_0_31,C,31,58.88600158691406,13.859999656677246,57.05400085449219
7KUB_0_32,A,32,52.90700149536133,11.480999946594238,54.777000427246094
7KUB_0_33,G,33,48.04899978637695,13.152999877929688,52.3390007019043
7KUB_0_34,G,34,47.80500030517578,16.386999130249023,47.03200149536133
7KUB_0_35,C,35,49.08000183105469,17.236000061035156,41.03499984741211
7KUB_0_36,U,36,51.10300064086914,15.333000183105469,35.48500061035156
7KUB_0_37,G,37,52.305999755859375,11.04699993133545,31.118999481201172
7KUB_0_38,C,38,51.54499816894531,5.290999889373779,28.868999481201172
7KUB_0_39,A,39,48.23899841308594,0.04699999839067459,28.825000762939453
7KUB_0_40,C,40,43.13399887084961,-3.013000011444092,30.645999908447266
7KUB_0_41,C,41,37.143001556396484,-3.260999917984009,32.244998931884766
7KUB_0_42,C,42,31.738000869750977,-0.3240000009536743,32.8380012512207
7KUB_0_43,A,43,28.450000762939453,4.820000171661377,31.753000259399414
7KUB_0_44,U,44,27.656999588012695,10.107000350952148,28.590999603271484
7KUB_0_45,G,45,28.788999557495117,13.638999938964844,23.555999755859375
7KUB_0_46,G,46,30.235000610351562,13.819999694824219,17.48200035095215
7KUB_0_47,C,47,29.23900032043457,10.189000129699707,13.065999984741211
7KUB_0_48,A,48,28.39900016784668,10.520000457763672,7.701000213623047
7KUB_0_49,G,49,32.14099884033203,9.246000289916992,8.718000411987305
7KUB_0_50,A,50,30.077999114990234,3.7109999656677246,6.7129998207092285
7KUB_0_51,A,51,25.87700080871582,-0.8899999856948853,6.218999862670898
7KUB_0_52,G,52,20.152000427246094,-3.003999948501587,7.4710001945495605
7KUB_0_53,G,53,14.303999900817871,-2.1070001125335693,9.397000312805176
7KUB_0_54,A,54,9.62600040435791,1.6990000009536743,11.015000343322754
7KUB_0_55,G,55,6.616000175476074,7.1539998054504395,10.736000061035156
7KUB_0_56,G,56,5.8379998207092285,12.829999923706055,8.312000274658203
7KUB_0_57,G,57,6.821000099182129,16.892000198364258,3.7339999675750732
7KUB_0_58,C,58,8.65999984741211,17.98200035095215,-2.0959999561309814
7KUB_0_59,A,59,9.928000450134277,15.78499984741211,-7.760000228881836
7KUB_0_60,G,60,9.380000114440918,11.199000358581543,-11.914999961853027
7KUB_0_1,C,1,6.889999866485596,-2.0969998836517334,-0.3880000114440918
7KUB_0_2,U,2,12.41100025177002,-1.156000018119812,-3.134999990463257
7KUB_0_3,G,3,17.253000259399414,2.5360000133514404,-4.327000141143799
7KUB_0_4,C,4,20.354999542236328,7.804999828338623,-3.2920000553131104
7KUB_0_5,U,5,21.31399917602539,12.829000473022461,0.16699999570846558
7KUB_0_6,C,6,20.533000946044922,16.115999221801758,5.3429999351501465
7KUB_0_7,U,7,18.937999725341797,16.856000900268555,11.300000190734863
7KUB_0_8,A,8,17.500999450683594,14.982000350952148,17.041000366210938
7KUB_0_9,C,9,16.81599998474121,10.626999855041504,21.375
7KUB_0_10,C,10,17.518999099731445,4.794000148773193,23.361000061035156
7KUB_0_11,U,11,20.29199981689453,-0.7770000100135803,23.177000045776367
7KUB_0_12,U,12,24.891000747680664,-4.492000102996826,21.292999267578125
7KUB_0_13,C,13,30.43899917602539,-5.48799991607666,18.67300033569336
7KUB_0_14,A,14,36.165000915527344,-3.9070000648498535,16.766000747680664
7KUB_0_15,C,15,40.948001861572266,0.00800000037997961,16.507999420166016
7KUB_0_16,C,16,43.53799819946289,5.427000045776367,18.070999145507812
7KUB_0_17,A,17,43.97800064086914,10.585000038146973,21.488000869750977
7KUB_0_18,U,18,42.64099884033203,14.138999938964844,26.37299919128418
7KUB_0_19,G,19,40.244998931884766,15.053999900817871,32.0
7KUB_0_20,C,20,37.92499923706055,12.88599967956543,37.310001373291016
7KUB_0_21,C,21,37.13800048828125,8.65999984741211,41.867000579833984
7KUB_0_22,A,22,39.16899871826172,3.7060000896453857,45.05400085449219
7KUB_0_23,A,23,43.617000579833984,-0.5600000023841858,45.849998474121094
7KUB_0_24,G,24,49.255001068115234,-2.8269999027252197,44.619998931884766
7KUB_0_25,U,25,54.944000244140625,-2.2750000953674316,42.20100021362305
7KUB_0_26,G,26,59.80500030517578,0.9580000042915344,39.98500061035156
7KUB_0_27,G,27,63.012001037597656,6.275000095367432,39.492000579833984
7KUB_0_28,U,28,64.06199645996094,12.109000205993652,41.525001525878906
7KUB_0_29,C,29,63.667999267578125,16.357999801635742,46.11899948120117
7KUB_0_30,C,30,61.082000732421875,17.52899932861328,51.637001037597656
7KUB_0_31,C,31,58.88600158691406,13.859999656677246,57.05400085449219
7KUB_0_32,A,32,52.90700149536133,11.480999946594238,54.777000427246094
7KUB_0_33,G,33,48.04899978637695,13.152999877929688,52.3390007019043
7KUB_0_34,G,34,47.80500030517578,16.386999130249023,47.03200149536133
7KUB_0_35,C,35,49.08000183105469,17.236000061035156,41.03499984741211
7KUB_0_36,U,36,51.10300064086914,15.333000183105469,35.48500061035156
7KUB_0_37,G,37,52.305999755859375,11.04699993133545,31.118999481201172
7KUB_0_38,C,38,51.54499816894531,5.290999889373779,28.868999481201172
7KUB_0_39,A,39,48.23899841308594,0.04699999839067459,28.825000762939453
7KUB_0_40,C,40,43.13399887084961,-3.013000011444092,30.645999908447266
7KUB_0_41,C,41,37.143001556396484,-3.260999917984009,32.244998931884766
7KUB_0_42,C,42,31.738000869750977,-0.3240000009536743,32.8380012512207
7KUB_0_43,A,43,28.450000762939453,4.820000171661377,31.753000259399414
7KUB_0_44,U,44,27.656999588012695,10.107000350952148,28.590999603271484
7KUB_0_45,G,45,28.788999557495117,13.638999938964844,23.555999755859375
7KUB_0_46,G,46,30.235000610351562,13.819999694824219,17.48200035095215
7KUB_0_47,C,47,29.23900032043457,10.189000129699707,13.065999984741211
7KUB_0_48,A,48,28.39900016784668,10.520000457763672,7.701000213623047
7KUB_0_49,G,49,32.14099884033203,9.246000289916992,8.718000411987305
7KUB_0_50,A,50,30.077999114990234,3.7109999656677246,6.7129998207092285
7KUB_0_51,A,51,25.87700080871582,-0.8899999856948853,6.218999862670898
7KUB_0_52,G,52,20.152000427246094,-3.003999948501587,7.4710001945495605
7KUB_0_53,G,53,14.303999900817871,-2.1070001125335693,9.397000312805176
7KUB_0_54,A,54,9.62600040435791,1.6990000009536743,11.015000343322754
7KUB_0_55,G,55,6.616000175476074,7.1539998054504395,10.736000061035156
7KUB_0_56,G,56,5.8379998207092285,12.829999923706055,8.312000274658203
7KUB_0_57,G,57,6.821000099182129,16.892000198364258,3.7339999675750732
7KUB_0_58,C,58,8.65999984741211,17.98200035095215,-2.0959999561309814
7KUB_0_59,A,59,9.928000450134277,15.78499984741211,-7.760000228881836
7KUB_0_60,G,60,9.380000114440918,11.199000358581543,-11.914999961853027
7KUC_0_1,G,1,2.9049999713897705,-1.065000057220459,-2.23799991607666
7KUC_0_2,G,2,9.067999839782715,-0.5170000195503235,-1.7380000352859497
7KUC_0_3,A,3,14.04800033569336,2.7769999504089355,-0.029999999329447746
7KUC_0_4,G,4,16.645999908447266,7.380000114440918,3.2750000953674316
7KUC_0_5,G,5,16.309999465942383,11.168000221252441,8.234000205993652
7KUC_0_6,A,6,14.770999908447266,11.682999610900879,14.354000091552734
7KUC_0_7,A,7,10.913000106811523,9.267999649047852,18.53700065612793
7KUC_0_8,G,8,10.411999702453613,3.312000036239624,18.95800018310547
7KUC_0_9,G,9,5.578999996185303,-0.3799999952316284,16.888999938964844
7KUC_0_10,A,10,0.6290000081062317,0.6600000262260437,13.14900016784668
7KUC_0_11,G,11,-2.2739999294281006,5.5970001220703125,10.776000022888184
7KUC_0_12,C,12,-1.3949999809265137,11.442000389099121,9.03499984741211
7KUC_0_13,C,13,1.840999960899353,16.006999969482422,6.331999778747559
7KUC_0_14,U,14,6.177999973297119,17.969999313354492,2.3440001010894775
7KUC_0_15,C,15,9.906999588012695,16.863000869750977,-2.5220000743865967
7KUC_0_16,C,16,11.418000221252441,13.321000099182129,-7.4039998054504395
7KUD_0_1,G,1,4.704999923706055,0.0020000000949949026,-6.007999897003174
7KUD_0_2,G,2,9.833999633789062,-3.009999990463257,-4.210999965667725
7KUD_0_3,U,3,14.232000350952148,-4.093999862670898,0.02800000086426735
7KUD_0_4,U,4,16.503999710083008,-3.690000057220459,5.836999893188477
7KUD_0_5,U,5,15.467000007629395,-2.693000078201294,11.902999877929688
7KUD_0_6,C,6,11.371999740600586,-1.934999942779541,16.54199981689453
7KUD_0_7,G,7,4.830999851226807,-3.4809999465942383,17.902999877929688
7KUD_0_8,G,8,1.6740000247955322,0.996999979019165,14.918000221252441
7KUD_0_9,G,9,2.3329999446868896,6.690999984741211,12.590999603271484
7KUD_0_10,A,10,6.714000225067139,10.005000114440918,10.770999908447266
7KUD_0_11,A,11,12.711999893188477,10.638999938964844,9.206000328063965
7KUD_0_12,C,12,17.405000686645508,9.765000343322754,5.236999988555908
7KUD_0_13,C,13,19.531999588012695,8.074000358581543,-0.3540000021457672
7ZEX_0_1,U,1,17.535999298095703,0.5649999976158142,-0.2070000022649765
7ZEX_0_2,A,2,16.420000076293945,-5.434000015258789,-1.1410000324249268
7ZEX_0_3,A,3,18.530000686645508,-9.972999572753906,-3.890000104904175
7ZEX_0_4,U,4,22.9950008392334,-14.850000381469727,-5.190000057220459
7ZEX_0_5,G,5,20.934999465942383,-12.991000175476074,-9.800999641418457
7ZEX_0_6,U,6,17.04800033569336,-15.753000259399414,-13.692000389099121
7ZEX_0_7,C,7,19.267000198364258,-19.56999969482422,-16.56800079345703
7ZEX_0_8,G,8,20.71299934387207,-20.643999099731445,-21.447999954223633
7RWR_0_1,G,1,46.68899917602539,47.72700119018555,49.64400100708008
7RWR_0_2,G,2,40.71099853515625,49.08599853515625,48.25699996948242
7RWR_0_3,A,3,36.354000091552734,50.41999816894531,43.95000076293945
7RWR_0_4,U,4,34.63999938964844,49.499000549316406,38.02899932861328
7RWR_0_5,A,5,35.4900016784668,46.95199966430664,32.308998107910156
7RWR_0_6,C,6,38.292999267578125,43.49700164794922,28.003000259399414
7RWR_0_7,A,7,42.21099853515625,38.82099914550781,26.158000946044922
7RWR_0_8,C,8,45.08700180053711,33.551998138427734,27.95800018310547
7RWR_0_9,A,9,43.518001556396484,28.445999145507812,31.552000045776367
7RWR_0_10,A,10,43.9109992980957,24.658000946044922,36.915000915527344
7RWR_0_11,G,11,40.470001220703125,21.760000228881836,41.51100158691406
7RWR_0_12,A,12,35.24300003051758,21.565000534057617,45.14899826049805
7RWR_0_13,G,13,29.339000701904297,23.371000289916992,46.558998107910156
7RWR_0_14,U,14,26.323999404907227,25.597999572753906,49.05400085449219
7RWR_0_15,G,15,22.368999481201172,26.24799919128418,48.43199920654297
7RWR_0_16,A,16,17.917999267578125,21.833999633789062,45.27399826049805
7RWR_0_17,U,17,17.496000289916992,24.347000122070312,39.59000015258789
7RWR_0_18,U,18,19.910999298095703,23.910999298095703,35.50199890136719
7RWR_0_19,G,19,23.349000930786133,18.92099952697754,36.16600036621094
7RWR_0_20,A,20,25.38599967956543,16.34000015258789,31.600000381469727
7RWR_0_21,A,21,30.073999404907227,17.336000442504883,34.96699905395508
7RWR_0_22,A,22,32.691001892089844,21.22599983215332,31.888999938964844
7RWR_0_23,C,23,36.53200149536133,25.429000854492188,30.976999282836914
7RWR_0_24,U,24,34.22800064086914,29.840999603271484,29.506999969482422
7RWR_0_25,A,25,27.56599998474121,26.17799949645996,29.218000411987305
7RWR_0_26,A,26,26.899999618530273,30.13800048828125,29.902999877929688
7RWR_0_27,G,27,28.371000289916992,34.99599838256836,32.84000015258789
7RWR_0_28,U,28,28.889999389648438,36.736000061035156,38.816001892089844
7RWR_0_29,C,29,31.66699981689453,36.82899856567383,44.45199966430664
7RWR_0_30,U,30,37.34299850463867,36.893001556396484,47.382999420166016
7RWR_0_31,G,31,43.28099822998047,35.816001892089844,45.409000396728516
7RWR_0_32,U,32,48.584999084472656,35.858001708984375,42.11800003051758
7RWR_0_33,G,33,52.22100067138672,38.80500030517578,37.821998596191406
7RWR_0_34,U,34,52.880001068115234,44.09299850463867,34.54800033569336
7RWR_0_35,A,35,51.1349983215332,49.573001861572266,31.979000091552734
7RWR_0_36,U,36,47.84000015258789,54.84000015258789,31.399999618530273
7RWR_0_37,C,37,44.61000061035156,59.46099853515625,34.4739990234375
7RWR_0_38,C,38,43.573001861572266,62.19300079345703,40.077999114990234
9CDB_0_1,A,1,213.41099548339844,201.65199279785156,115.75399780273438
9CDB_0_2,A,2,215.12399291992188,206.9980010986328,113.35600280761719
9CDB_0_3,A,3,210.40899658203125,208.75599670410156,112.91999816894531
7SHX_0_1,G,1,-65.48899841308594,26.958999633789062,-38.297000885009766
7SHX_0_2,G,2,-68.21600341796875,21.687999725341797,-40.5620002746582
7SHX_0_3,A,3,-67.73500061035156,15.651000022888184,-41.933998107910156
7SHX_0_4,C,4,-65.28099822998047,10.005999565124512,-41.736000061035156
7SHX_0_5,C,5,-61.49300003051758,5.879000186920166,-39.13399887084961
7SHX_0_6,C,6,-58.275001525878906,3.8959999084472656,-34.25
7SHX_0_7,A,7,-59.64400100708008,3.819999933242798,-28.41699981689453
7SHX_0_8,U,8,-62.380001068115234,0.8669999837875366,-23.756000518798828
7SHX_0_9,A,9,-64.78700256347656,-4.291999816894531,-21.42099952697754
7SHX_0_10,A,10,-65.13999938964844,-10.447999954223633,-21.283000946044922
7SHX_0_11,C,11,-62.26300048828125,-15.791000366210938,-22.551000595092773
7SHX_0_12,C,12,-56.9640007019043,-18.709999084472656,-23.357999801635742
7SHX_0_13,C,13,-50.763999938964844,-18.599000930786133,-22.674999237060547
7SHX_0_14,A,14,-45.64699935913086,-16.902000427246094,-19.641000747680664
7SHX_0_15,C,15,-42.53799819946289,-15.097000122070312,-14.531999588012695
7SHX_0_16,C,16,-41.612998962402344,-14.906000137329102,-8.361000061035156
7SHX_0_17,U,17,-42.38199996948242,-17.32200050354004,-2.634999990463257
7SHX_0_18,A,18,-42.165000915527344,-20.628999710083008,2.438999891281128
7SHX_0_19,G,19,-42.56800079345703,-18.398000717163086,8.204999923706055
7SHX_0_20,A,20,-45.4010009765625,-17.14699935913086,13.48799991607666
7SHX_0_21,C,21,-49.90299987792969,-17.334999084472656,17.777999877929688
7SHX_0_22,C,22,-53.37699890136719,-20.621999740600586,21.51799964904785
7SHX_0_23,C,23,-55.14099884033203,-25.797000885009766,24.368000030517578
7SHX_0_24,U,24,-53.8129997253418,-31.43400001525879,26.474000930786133
7SHX_0_25,A,25,-49.999000549316406,-35.0890007019043,29.91200065612793
7SHX_0_26,G,26,-46.42399978637695,-34.70000076293945,35.04999923706055
7SHX_0_27,C,27,-44.14400100708008,-31.37299919128418,39.882999420166016
7SHX_0_28,U,28,-44.249000549316406,-25.979000091552734,43.262001037597656
7SHX_0_29,U,29,-46.29499816894531,-20.427000045776367,41.94200134277344
7SHX_0_30,C,30,-49.5620002746582,-15.51099967956543,38.902000427246094
7SHX_0_31,G,31,-46.051998138427734,-14.197999954223633,33.77899932861328
7SHX_0_32,G,32,-41.07899856567383,-16.552000045776367,30.941999435424805
7SHX_0_33,C,33,-37.047000885009766,-21.04599952697754,29.45599937438965
7SHX_0_34,U,34,-35.678001403808594,-26.55299949645996,27.038999557495117
7SHX_0_35,A,35,-38.334999084472656,-27.066999435424805,22.952999114990234
7SHX_0_36,G,36,-39.26599884033203,-27.836999893188477,17.08300018310547
7SHX_0_37,A,37,-39.74300003051758,-33.167999267578125,16.01799964904785
7SHX_0_38,G,38,-44.875999450683594,-36.54800033569336,15.260000228881836
7SHX_0_39,G,39,-51.03499984741211,-36.44900131225586,14.904999732971191
7SHX_0_40,G,40,-56.19300079345703,-33.145999908447266,14.255999565124512
7SHX_0_41,U,41,-59.108001708984375,-27.966999053955078,12.451000213623047
7SHX_0_42,C,42,-59.06999969482422,-22.888999938964844,8.810999870300293
7SHX_0_43,A,43,-56.00899887084961,-23.547000885009766,4.818999767303467
7SHX_0_44,A,44,-51.14799880981445,-25.95199966430664,1.4459999799728394
7SHX_0_45,C,45,-48.43000030517578,-28.719999313354492,-2.433000087738037
7SHX_0_46,G,46,-46.53799819946289,-33.292999267578125,-6.245999813079834
7SHX_0_47,C,47,-42.80799865722656,-34.858001708984375,-11.126999855041504
7SHX_0_48,G,48,-37.895999908447266,-32.167999267578125,-14.180999755859375
7SHX_0_49,A,49,-32.96500015258789,-27.71500015258789,-12.777000427246094
7SHX_0_50,A,50,-35.07899856567383,-22.378000259399414,-15.3149995803833
7SHX_0_51,A,51,-38.84199905395508,-20.049999237060547,-19.22800064086914
7SHX_0_52,G,52,-43.91400146484375,-21.920000076293945,-22.25
7SHX_0_53,C,53,-49.487998962402344,-25.05299949645996,-21.892000198364258
7SHX_0_54,G,54,-54.64699935913086,-26.913999557495117,-18.719999313354492
7SHX_0_55,A,55,-56.784000396728516,-23.231000900268555,-16.371999740600586
7SHX_0_56,G,56,-58.97200012207031,-20.198999404907227,-11.751999855041504
7SHX_0_57,G,57,-58.7130012512207,-14.095000267028809,-10.378000259399414
7SHX_0_58,C,58,-56.17399978637695,-8.333000183105469,-10.36400032043457
7SHX_0_59,C,59,-52.595001220703125,-3.811000108718872,-12.699999809265137
7SHX_0_60,G,60,-48.96099853515625,-2.1419999599456787,-17.6560001373291
7SHX_0_61,G,61,-47.516998291015625,-3.6570000648498535,-23.791000366210938
7SHX_0_62,G,62,-49.13800048828125,-6.474999904632568,-29.295000076293945
7SHX_0_63,U,63,-51.66299819946289,-11.362000465393066,-32.7130012512207
7SHX_0_64,G,64,-55.9010009765625,-15.427000045776367,-34.819000244140625
7SHX_0_65,G,65,-60.42300033569336,-19.60700035095215,-34.78300094604492
7SHX_0_66,G,66,-65.31900024414062,-22.514999389648438,-37.13399887084961
7SHX_0_67,C,67,-68.78299713134766,-24.055999755859375,-42.042999267578125
7SHX_0_68,G,68,-69.56999969482422,-26.89299964904785,-47.479000091552734
7SHX_0_69,G,69,-66.96900177001953,-29.246999740600586,-52.55099868774414
7SHX_0_70,G,70,-61.696998596191406,-30.809999465942383,-55.766998291015625
7SHX_0_71,U,71,-56.935001373291016,-34.6870002746582,-54.42599868774414
7SHX_0_72,A,72,-57.577999114990234,-35.86600112915039,-47.762001037597656
7SHX_0_73,C,73,-55.63800048828125,-31.533000946044922,-43.60100173950195
7SHX_0_74,G,74,-52.874000549316406,-25.972000122070312,-42.57699966430664
7SHX_0_75,U,75,-51.74300003051758,-20.972000122070312,-45.83599853515625
7SHX_0_76,C,76,-53.827999114990234,-18.045000076293945,-51.01100158691406
7SHX_0_77,C,77,-58.939998626708984,-15.73799991607666,-53.74700164794922
7SHX_0_78,G,78,-64.59500122070312,-13.282999992370605,-53.1870002746582
7SHX_0_79,C,79,-69.59300231933594,-11.647000312805176,-49.90700149536133
7SHX_0_80,C,80,-72.34600067138672,-10.670000076293945,-44.404998779296875
7SHX_0_81,C,81,-71.81900024414062,-9.32699966430664,-38.358001708984375
7SHX_0_82,U,82,-68.33200073242188,-5.5920000076293945,-33.87300109863281
7SHX_0_83,G,83,-67.74400329589844,-2.4000000953674316,-32.30500030517578
7SHX_0_84,G,84,-69.4739990234375,3.078000068664551,-34.74800109863281
7SHX_0_85,G,85,-71.13099670410156,9.045999526977539,-33.9109992980957
7SHX_0_86,G,86,-70.74800109863281,14.322999954223633,-30.531999588012695
7SHX_0_87,A,87,-67.14700317382812,17.999000549316406,-26.902000427246094
7SHX_0_88,G,88,-61.249000549316406,19.45599937438965,-25.14900016784668
7SHX_0_89,G,89,-55.104000091552734,18.854000091552734,-26.422000885009766
7SHX_0_90,G,90,-50.869998931884766,17.062999725341797,-30.59000015258789
7SHX_0_91,G,91,-49.42599868774414,15.3149995803833,-36.356998443603516
7SHX_0_92,U,92,-50.757999420166016,14.769000053405762,-42.40999984741211
7SHX_0_93,C,93,-53.847999572753906,14.343000411987305,-47.87200164794922
7SHX_0_94,C,94,-58.44300079345703,17.884000778198242,-51.415000915527344
7ZEW_0_1,A,1,8.29800033569336,1.1759999990463257,-11.8100004196167
7ZEW_0_2,A,2,4.620999813079834,-4.243000030517578,-13.560999870300293
7ZEW_0_3,U,3,-1.6139999628067017,-5.886000156402588,-12.82800006866455
7ZEW_0_4,A,4,0.34299999475479126,-10.90999984741211,-10.489999771118164
7ZEW_0_5,A,5,1.4830000400543213,-16.993000030517578,-12.49899959564209
7ZEW_0_6,A,6,4.235000133514404,-21.81999969482422,-12.291000366210938
7Q33_0_1,A,1,7.689000129699707,7.690999984741211,2.9649999141693115
7Q33_0_2,G,2,9.243000030517578,1.9759999513626099,3.553999900817871
7Q33_0_3,C,3,10.937000274658203,-2.634000062942505,4.690000057220459
7Q33_0_4,U,4,15.572999954223633,-7.334000110626221,5.769999980926514
7Q33_0_5,U,5,15.524999618530273,-4.754000186920166,-0.39500001072883606
7Q33_0_6,U,6,16.902999877929688,-4.428999900817871,-5.984000205993652
7Q33_0_7,G,7,18.072999954223633,-3.122999906539917,-10.465999603271484
4CIO_0_1,G,1,-20.579999923706055,-0.5180000066757202,-4.22599983215332
4CIO_0_2,G,2,-17.711000442504883,-2.569999933242798,-7.361000061035156
4CIO_0_3,U,3,-12.645000457763672,2.4070000648498535,-7.326000213623047
4CIO_0_4,G,4,-9.923999786376953,7.260000228881836,-5.942999839782715
4CIO_0_5,U,5,-4.784999847412109,7.645999908447266,-2.1670000553131104
4CIO_0_6,G,6,-4.276000022888184,9.147000312805176,1.5959999561309814
4CIO_0_7,C,7,-5.3979997634887695,12.008000373840332,5.929999828338623
7UMD_0_1,G,1,-15.343000411987305,-28.413000106811523,-3.5409998893737793
7UMD_0_2,G,2,-17.110000610351562,-26.562999725341797,2.0920000076293945
7UMD_0_3,A,3,-15.871000289916992,-23.738000869750977,7.423999786376953
7UMD_0_4,C,4,-12.314000129699707,-20.047000885009766,10.87399959564209
7UMD_0_5,G,5,-7.9019999504089355,-15.774999618530273,11.428000450134277
7UMD_0_6,U,6,-4.429999828338623,-11.17300033569336,9.144000053405762
7UMD_0_7,G,7,-7.138999938964844,-6.5329999923706055,6.428999900817871
7UMD_0_8,G,8,-7.677000045776367,-5.2230000495910645,-0.31700000166893005
7UMD_0_9,A,9,-6.813000202178955,-5.739999771118164,-5.6529998779296875
7UMD_0_10,C,10,-6.698999881744385,-10.137999534606934,-10.335000038146973
7UMD_0_11,C,11,-8.520000457763672,-9.071000099182129,-16.214000701904297
7UMD_0_12,G,12,-9.008000373840332,-4.997000217437744,-20.881999969482422
7UMD_0_13,A,13,-7.7230000495910645,0.6050000190734863,-23.204999923706055
7UMD_0_14,C,14,-4.396999835968018,5.879000186920166,-23.01799964904785
7UMD_0_15,U,15,0.5600000023841858,8.973999977111816,-21.04800033569336
7UMD_0_16,U,16,6.401000022888184,6.681000232696533,-20.125999450683594
7UMD_0_17,C,17,6.7210001945495605,2.2769999504089355,-15.503999710083008
7UMD_0_18,G,18,3.8570001125335693,2.186000108718872,-10.35200023651123
7UMD_0_19,G,19,0.01899999938905239,5.6620001792907715,-6.741000175476074
7UMD_0_20,U,20,-5.355000019073486,8.508999824523926,-7.89900016784668
7UMD_0_21,C,21,-10.678999900817871,9.076000213623047,-11.01200008392334
7UMD_0_22,G,22,-15.166999816894531,6.693999767303467,-14.524999618530273
7UMD_0_23,G,23,-18.339000701904297,1.8209999799728394,-16.552000045776367
7UMD_0_24,A,24,-20.709999084472656,-3.8610000610351562,-15.668000221252441
7UMD_0_25,A,25,-23.384000778198242,-7.638999938964844,-11.420000076293945
7UMD_0_26,G,26,-25.874000549316406,-6.883999824523926,-5.697999954223633
7UMD_0_27,G,27,-26.451000213623047,-2.190000057220459,-1.6150000095367432
7UMD_0_28,A,28,-25.423999786376953,4.584000110626221,-1.4759999513626099
7UMD_0_29,A,29,-21.07200050354004,9.130999565124512,1.0210000276565552
7UMD_0_30,A,30,-15.319000244140625,5.5929999351501465,1.2009999752044678
7UMD_0_31,C,31,-12.859000205993652,0.17299999296665192,3.253000020980835
7UMD_0_32,U,32,-12.496999740600586,-5.875999927520752,2.194999933242798
7UMD_0_33,U,33,-12.824999809265137,-11.059000015258789,-1.2280000448226929
7UMD_0_34,A,34,-12.538000106811523,-15.128000259399414,-6.572999954223633
7UMD_0_35,A,35,-6.598999977111816,-15.501999855041504,-7.767000198364258
7UMD_0_36,C,36,-1.5010000467300415,-17.07900047302246,-4.614999771118164
7UMD_0_37,G,37,1.2630000114440918,-19.52199935913086,0.3610000014305115
7UMD_0_38,U,38,1.1729999780654907,-22.797000885009766,5.617000102996826
7UMD_0_39,C,39,-1.531000018119812,-26.722000122070312,9.592000007629395
7UMD_0_40,C,40,-5.684000015258789,-31.149999618530273,10.878000259399414
